mae,mse,rmse,mape
0.09709303,0.014302325,0.11959233,12.017154
